{"cameraMode":{"drawMode":0,"name":"Shaded","section":"Shading Mode"},"sceneLighting":true,"audioPlay":false,"sceneViewState":{"showFog":true,"showMaterialUpdate":false,"showSkybox":true,"showFlares":true,"showImageEffects":true,"showParticleSystems":true},"in2DMode":false,"pivot":{"x":-14.341176986694336,"y":0.28515148162841799,"z":2.9528141021728517},"rotation":{"x":-0.12252750247716904,"y":-0.7153114676475525,"z":0.12972001731395722,"w":-0.6756433248519898},"size":22.0,"orthographic":false}